recording,name,start_time,end_time,score
Fiddle-Pheno_20260629_053000,BCCH,300.750,301.000,0.543
Fiddle-Pheno_20260629_053000,CCSP,427.000,427.500,0.753
Fiddle-Pheno_20260629_053000,CCSP,586.000,586.250,0.503
Fiddle-Pheno_20260629_053000,CHSP,2.250,4.750,0.972
Fiddle-Pheno_20260629_053000,CHSP,12.000,12.750,0.867
Fiddle-Pheno_20260629_053000,CHSP,19.000,20.750,0.972
Fiddle-Pheno_20260629_053000,CHSP,27.000,28.500,0.978
Fiddle-Pheno_20260629_053000,CHSP,523.000,524.000,0.787
Fiddle-Pheno_20260629_053000,CHSW,462.500,463.000,0.644
Fiddle-Pheno_20260629_053000,CHSW,463.250,464.000,0.816
Fiddle-Pheno_20260629_053000,CHSW,519.750,520.250,0.645
Fiddle-Pheno_20260629_053000,DEJU,105.000,105.500,0.572
Fiddle-Pheno_20260629_053000,DEJU,211.000,211.500,0.560
Fiddle-Pheno_20260629_053000,DEJU,523.250,524.000,0.648
Fiddle-Pheno_20260629_053000,DEJU,540.000,540.500,0.521
Fiddle-Pheno_20260629_053000,DEJU,574.250,574.750,0.561
Fiddle-Pheno_20260629_053000,DUNL,154.500,155.000,0.584
Fiddle-Pheno_20260629_053000,EABL,397.750,398.000,0.689
Fiddle-Pheno_20260629_053000,FOSP,180.750,181.750,0.789
Fiddle-Pheno_20260629_053000,FOSP,199.500,200.500,0.644
Fiddle-Pheno_20260629_053000,FOSP,217.750,218.750,0.800
Fiddle-Pheno_20260629_053000,FOSP,227.250,227.500,0.531
Fiddle-Pheno_20260629_053000,FOSP,245.250,246.500,0.939
Fiddle-Pheno_20260629_053000,FOSP,254.250,254.500,0.603
Fiddle-Pheno_20260629_053000,FOSP,275.500,276.750,0.951
Fiddle-Pheno_20260629_053000,FOSP,286.250,286.500,0.641
Fiddle-Pheno_20260629_053000,FOSP,296.750,297.750,0.729
Fiddle-Pheno_20260629_053000,FOSP,317.250,317.500,0.543
Fiddle-Pheno_20260629_053000,FOSP,326.500,327.250,0.835
Fiddle-Pheno_20260629_053000,FOSP,336.500,337.250,0.763
Fiddle-Pheno_20260629_053000,FOSP,357.000,358.250,0.962
Fiddle-Pheno_20260629_053000,FOSP,367.500,368.500,0.760
Fiddle-Pheno_20260629_053000,FOSP,377.000,377.750,0.789
Fiddle-Pheno_20260629_053000,FOSP,419.250,419.750,0.692
Fiddle-Pheno_20260629_053000,FOSP,432.500,432.750,0.570
Fiddle-Pheno_20260629_053000,FOSP,442.250,443.500,0.912
Fiddle-Pheno_20260629_053000,FOSP,480.000,480.750,0.820
Fiddle-Pheno_20260629_053000,FOSP,491.750,492.500,0.655
Fiddle-Pheno_20260629_053000,FOSP,516.500,517.750,0.887
Fiddle-Pheno_20260629_053000,FOSP,548.000,548.750,0.868
Fiddle-Pheno_20260629_053000,FOSP,558.000,558.750,0.899
Fiddle-Pheno_20260629_053000,FOSP,569.500,571.000,0.830
Fiddle-Pheno_20260629_053000,FOSP,581.250,581.750,0.712
Fiddle-Pheno_20260629_053000,FOSP,593.000,593.750,0.736
Fiddle-Pheno_20260629_053000,GCSP,204.500,204.750,0.517
Fiddle-Pheno_20260629_053000,GCSP,235.250,235.750,0.538
Fiddle-Pheno_20260629_053000,GCSP,504.000,504.750,0.732
Fiddle-Pheno_20260629_053000,HASP,226.250,226.500,0.594
Fiddle-Pheno_20260629_053000,HASP,528.000,528.250,0.519
Fiddle-Pheno_20260629_053000,HASP,536.000,536.500,0.623
Fiddle-Pheno_20260629_053000,KILL,557.500,557.750,0.507
Fiddle-Pheno_20260629_053000,MOCH,279.750,280.000,0.511
Fiddle-Pheno_20260629_053000,MOCH,342.750,343.500,0.870
Fiddle-Pheno_20260629_053000,PISI,460.750,461.000,0.598
Fiddle-Pheno_20260629_053000,SWSP,184.250,184.750,0.701
Fiddle-Pheno_20260629_053000,SWSP,232.250,233.000,0.730
Fiddle-Pheno_20260629_053000,SWSP,255.500,256.250,0.713
Fiddle-Pheno_20260629_053000,SWSP,367.000,367.500,0.676
Fiddle-Pheno_20260629_053000,SWSP,380.500,381.500,0.771
Fiddle-Pheno_20260629_053000,SWSP,594.500,595.250,0.784
Fiddle-Pheno_20260629_053000,VESP,209.500,209.750,0.561
Fiddle-Pheno_20260629_053000,VESP,227.250,228.000,0.584
Fiddle-Pheno_20260629_053000,WCSP,0.000,2.000,0.972
Fiddle-Pheno_20260629_053000,WCSP,8.500,10.000,0.982
Fiddle-Pheno_20260629_053000,WCSP,16.250,18.750,0.995
Fiddle-Pheno_20260629_053000,WCSP,22.000,22.750,0.750
Fiddle-Pheno_20260629_053000,WCSP,25.000,26.750,0.986
Fiddle-Pheno_20260629_053000,WCSP,32.250,34.500,0.995
Fiddle-Pheno_20260629_053000,WCSP,39.500,41.750,0.995
Fiddle-Pheno_20260629_053000,WCSP,49.000,50.750,0.995
Fiddle-Pheno_20260629_053000,WCSP,56.500,58.500,0.995
Fiddle-Pheno_20260629_053000,WCSP,65.250,67.000,0.941
Fiddle-Pheno_20260629_053000,WCSP,72.750,74.750,0.996
Fiddle-Pheno_20260629_053000,WCSP,81.500,83.500,0.994
Fiddle-Pheno_20260629_053000,WCSP,91.500,93.750,0.996
Fiddle-Pheno_20260629_053000,WCSP,94.750,95.750,0.939
Fiddle-Pheno_20260629_053000,WCSP,99.750,101.750,0.995
Fiddle-Pheno_20260629_053000,WCSP,108.750,110.250,0.964
Fiddle-Pheno_20260629_053000,WCSP,116.250,119.000,0.994
Fiddle-Pheno_20260629_053000,WCSP,126.750,128.750,0.996
Fiddle-Pheno_20260629_053000,WCSP,134.250,136.000,0.977
Fiddle-Pheno_20260629_053000,WCSP,141.750,143.750,0.994
Fiddle-Pheno_20260629_053000,WCSP,150.750,152.500,0.994
Fiddle-Pheno_20260629_053000,WCSP,160.000,160.750,0.921
Fiddle-Pheno_20260629_053000,WCSP,162.500,163.500,0.870
Fiddle-Pheno_20260629_053000,WCSP,171.750,172.000,0.658
Fiddle-Pheno_20260629_053000,WCSP,177.250,179.750,0.997
Fiddle-Pheno_20260629_053000,WCSP,186.500,188.000,0.993
Fiddle-Pheno_20260629_053000,WCSP,200.500,200.750,0.657
Fiddle-Pheno_20260629_053000,WCSP,203.000,204.750,0.994
Fiddle-Pheno_20260629_053000,WCSP,209.250,209.750,0.783
Fiddle-Pheno_20260629_053000,WCSP,216.250,217.000,0.897
Fiddle-Pheno_20260629_053000,WCSP,226.500,226.750,0.679
Fiddle-Pheno_20260629_053000,WCSP,249.000,249.500,0.713
Fiddle-Pheno_20260629_053000,WCSP,259.000,260.750,0.887
Fiddle-Pheno_20260629_053000,WCSP,272.000,274.250,0.995
Fiddle-Pheno_20260629_053000,WCSP,307.250,307.750,0.730
Fiddle-Pheno_20260629_053000,WCSP,339.750,340.750,0.997
Fiddle-Pheno_20260629_053000,WCSP,346.750,348.750,0.997
Fiddle-Pheno_20260629_053000,WCSP,355.000,356.750,0.996
Fiddle-Pheno_20260629_053000,WCSP,362.500,364.500,0.996
Fiddle-Pheno_20260629_053000,WCSP,368.250,368.750,0.724
Fiddle-Pheno_20260629_053000,WCSP,370.250,372.250,0.996
Fiddle-Pheno_20260629_053000,WCSP,378.500,380.500,0.994
Fiddle-Pheno_20260629_053000,WCSP,387.000,388.750,0.998
Fiddle-Pheno_20260629_053000,WCSP,395.250,397.500,0.998
Fiddle-Pheno_20260629_053000,WCSP,403.250,405.500,0.995
Fiddle-Pheno_20260629_053000,WCSP,412.000,414.000,0.997
Fiddle-Pheno_20260629_053000,WCSP,420.250,422.750,0.995
Fiddle-Pheno_20260629_053000,WCSP,429.250,431.000,0.994
Fiddle-Pheno_20260629_053000,WCSP,434.750,435.750,0.862
Fiddle-Pheno_20260629_053000,WCSP,437.500,439.500,0.996
Fiddle-Pheno_20260629_053000,WCSP,446.500,448.500,0.987
Fiddle-Pheno_20260629_053000,WCSP,456.250,458.500,0.995
Fiddle-Pheno_20260629_053000,WCSP,466.250,468.750,0.996
Fiddle-Pheno_20260629_053000,WCSP,475.250,477.500,0.996
Fiddle-Pheno_20260629_053000,WCSP,484.500,487.000,0.997
Fiddle-Pheno_20260629_053000,WCSP,492.750,493.000,0.746
Fiddle-Pheno_20260629_053000,WCSP,495.000,497.000,0.988
Fiddle-Pheno_20260629_053000,WCSP,504.250,506.500,0.995
Fiddle-Pheno_20260629_053000,WCSP,513.000,514.750,0.995
Fiddle-Pheno_20260629_053000,WCSP,520.250,521.750,0.989
Fiddle-Pheno_20260629_053000,WCSP,527.750,529.750,0.998
Fiddle-Pheno_20260629_053000,WCSP,536.250,536.500,0.705
Fiddle-Pheno_20260629_053000,WCSP,537.250,537.750,0.747
Fiddle-Pheno_20260629_053000,WCSP,543.250,545.000,0.994
Fiddle-Pheno_20260629_053000,WCSP,571.000,572.750,0.909
Fiddle-Pheno_20260629_053000,WCSP,577.750,579.500,0.997
Fiddle-Pheno_20260629_053000,WCSP,584.750,586.500,0.959
Fiddle-Pheno_20260629_053000,WCSP,591.750,593.500,0.980
Fiddle-Pheno_20260629_053000,WCSP,598.750,600.000,0.995
Fiddle-Pheno_20260629_053000,WEWP,238.000,238.250,0.512
Fiddle-Pheno_20260629_053000,WIWA,232.250,233.000,0.924
Fiddle-Pheno_20260629_053000,WIWA,239.500,240.750,0.985
Fiddle-Pheno_20260629_053000,WIWA,246.750,247.000,0.836
Fiddle-Pheno_20260629_053000,WIWA,254.500,256.000,0.974
Fiddle-Pheno_20260629_053000,WIWA,265.250,266.500,0.994
Fiddle-Pheno_20260629_053000,WIWA,276.500,278.000,0.976
Fiddle-Pheno_20260629_053000,WIWA,286.500,287.750,0.994
Fiddle-Pheno_20260629_053000,WIWA,294.750,296.500,0.994
Fiddle-Pheno_20260629_053000,WIWA,305.000,306.500,0.995
Fiddle-Pheno_20260629_053000,WIWA,313.500,315.250,0.984
Fiddle-Pheno_20260629_053000,WIWA,327.500,328.750,0.986
Fiddle-Pheno_20260629_053000,WIWA,337.000,338.000,0.994
Fiddle-Pheno_20260629_053000,WIWA,348.750,349.750,0.954
Fiddle-Pheno_20260629_053000,WIWA,358.500,360.000,0.977
Fiddle-Pheno_20260629_053000,WIWA,366.250,367.250,0.972
Fiddle-Pheno_20260629_053000,WIWA,373.500,375.000,0.972
Fiddle-Pheno_20260629_053000,WIWA,380.500,381.500,0.909
Fiddle-Pheno_20260629_053000,WIWA,388.750,389.000,0.699
Fiddle-Pheno_20260629_053000,WIWA,398.750,400.750,0.995
Fiddle-Pheno_20260629_053000,WIWA,407.250,408.750,0.987
Fiddle-Pheno_20260629_053000,WIWA,416.000,418.750,0.989
Fiddle-Pheno_20260629_053000,WIWA,423.250,424.750,0.994
Fiddle-Pheno_20260629_053000,WIWA,431.250,432.250,0.992
Fiddle-Pheno_20260629_053000,WIWA,439.500,440.250,0.963
Fiddle-Pheno_20260629_053000,WIWA,454.750,456.000,0.995
Fiddle-Pheno_20260629_053000,WIWA,464.000,466.000,0.992
Fiddle-Pheno_20260629_053000,WIWA,472.250,474.000,0.994
Fiddle-Pheno_20260629_053000,WIWA,480.750,482.000,0.997
Fiddle-Pheno_20260629_053000,WIWA,487.500,489.250,0.984
Fiddle-Pheno_20260629_053000,WIWA,494.250,495.000,0.925
Fiddle-Pheno_20260629_053000,WIWA,501.750,503.500,0.997
Fiddle-Pheno_20260629_053000,WIWA,506.500,507.750,0.996
Fiddle-Pheno_20260629_053000,WIWA,514.750,515.500,0.932
Fiddle-Pheno_20260629_053000,WIWA,518.250,519.000,0.989
Fiddle-Pheno_20260629_053000,WIWA,525.750,527.250,0.994
Fiddle-Pheno_20260629_053000,WIWA,535.750,537.250,0.978
Fiddle-Pheno_20260629_053000,WIWA,545.500,546.750,0.946
Fiddle-Pheno_20260629_053000,WIWA,549.500,550.500,0.994
Fiddle-Pheno_20260629_053000,WIWA,554.000,555.250,0.992
Fiddle-Pheno_20260629_053000,WIWA,562.750,564.250,0.992
Fiddle-Pheno_20260629_053000,WIWA,573.000,574.000,0.996
Fiddle-Pheno_20260629_053000,WIWA,582.250,583.500,0.994
Fiddle-Pheno_20260629_053000,WIWA,587.000,587.750,0.985
Fiddle-Pheno_20260629_053000,WTSP,0.000,1.000,0.852
Fiddle-Pheno_20260629_053000,WTSP,6.250,12.500,0.990
Fiddle-Pheno_20260629_053000,WTSP,16.500,16.750,0.693
Fiddle-Pheno_20260629_053000,WTSP,19.000,20.000,0.821
Fiddle-Pheno_20260629_053000,WTSP,22.000,25.500,0.989
Fiddle-Pheno_20260629_053000,WTSP,28.500,31.750,0.974
Fiddle-Pheno_20260629_053000,WTSP,35.000,38.500,0.994
Fiddle-Pheno_20260629_053000,WTSP,39.500,40.000,0.729
Fiddle-Pheno_20260629_053000,WTSP,49.000,49.750,0.831
Fiddle-Pheno_20260629_053000,WTSP,50.500,54.000,0.995
Fiddle-Pheno_20260629_053000,WTSP,54.250,57.000,0.984
Fiddle-Pheno_20260629_053000,WTSP,62.500,66.000,0.995
Fiddle-Pheno_20260629_053000,WTSP,66.750,69.250,0.983
Fiddle-Pheno_20260629_053000,WTSP,75.250,79.750,0.994
Fiddle-Pheno_20260629_053000,WTSP,81.000,82.000,0.912
Fiddle-Pheno_20260629_053000,WTSP,83.500,85.750,0.924
Fiddle-Pheno_20260629_053000,WTSP,86.500,92.000,0.996
Fiddle-Pheno_20260629_053000,WTSP,94.250,95.000,0.897
Fiddle-Pheno_20260629_053000,WTSP,98.750,100.500,0.972
Fiddle-Pheno_20260629_053000,WTSP,102.000,104.000,0.976
Fiddle-Pheno_20260629_053000,WTSP,106.000,109.500,0.995
Fiddle-Pheno_20260629_053000,WTSP,110.250,111.000,0.762
Fiddle-Pheno_20260629_053000,WTSP,112.250,114.000,0.909
Fiddle-Pheno_20260629_053000,WTSP,116.500,116.750,0.732
Fiddle-Pheno_20260629_053000,WTSP,120.750,127.250,0.996
Fiddle-Pheno_20260629_053000,WTSP,132.000,134.750,0.984
Fiddle-Pheno_20260629_053000,WTSP,135.250,138.500,0.992
Fiddle-Pheno_20260629_053000,WTSP,142.000,142.250,0.670
Fiddle-Pheno_20260629_053000,WTSP,144.000,151.000,0.997
Fiddle-Pheno_20260629_053000,WTSP,152.500,154.250,0.882
Fiddle-Pheno_20260629_053000,WTSP,157.500,160.250,0.996
Fiddle-Pheno_20260629_053000,WTSP,162.000,165.000,0.930
Fiddle-Pheno_20260629_053000,WTSP,170.250,175.500,0.993
Fiddle-Pheno_20260629_053000,WTSP,181.750,184.250,0.859
Fiddle-Pheno_20260629_053000,WTSP,184.750,185.000,0.679
Fiddle-Pheno_20260629_053000,WTSP,186.500,187.000,0.699
Fiddle-Pheno_20260629_053000,WTSP,189.750,197.000,0.997
Fiddle-Pheno_20260629_053000,WTSP,204.500,205.000,0.749
Fiddle-Pheno_20260629_053000,WTSP,205.500,209.500,0.996
Fiddle-Pheno_20260629_053000,WTSP,213.000,215.000,0.982
Fiddle-Pheno_20260629_053000,WTSP,216.250,217.250,0.837
Fiddle-Pheno_20260629_053000,WTSP,218.500,222.500,0.995
Fiddle-Pheno_20260629_053000,WTSP,225.000,226.750,0.964
Fiddle-Pheno_20260629_053000,WTSP,235.500,236.000,0.698
Fiddle-Pheno_20260629_053000,WTSP,248.250,253.250,0.994
Fiddle-Pheno_20260629_053000,WTSP,257.250,260.000,0.900
Fiddle-Pheno_20260629_053000,WTSP,261.750,265.500,0.995
Fiddle-Pheno_20260629_053000,WTSP,267.500,268.500,0.854
Fiddle-Pheno_20260629_053000,WTSP,279.250,280.000,0.900
Fiddle-Pheno_20260629_053000,WTSP,283.250,285.000,0.838
Fiddle-Pheno_20260629_053000,WTSP,289.500,290.750,0.902
Fiddle-Pheno_20260629_053000,WTSP,300.500,301.000,0.792
Fiddle-Pheno_20260629_053000,WTSP,309.500,311.000,0.956
Fiddle-Pheno_20260629_053000,WTSP,317.500,320.250,0.995
Fiddle-Pheno_20260629_053000,WTSP,343.000,343.500,0.868
Fiddle-Pheno_20260629_053000,WTSP,353.250,355.250,0.816
Fiddle-Pheno_20260629_053000,WTSP,364.750,366.500,0.984
Fiddle-Pheno_20260629_053000,WTSP,378.500,379.000,0.758
Fiddle-Pheno_20260629_053000,WTSP,387.000,387.750,0.713
Fiddle-Pheno_20260629_053000,WTSP,412.000,412.250,0.664
Fiddle-Pheno_20260629_053000,WTSP,420.000,421.000,0.818
Fiddle-Pheno_20260629_053000,WTSP,429.500,429.750,0.660
Fiddle-Pheno_20260629_053000,WTSP,446.500,447.250,0.855
Fiddle-Pheno_20260629_053000,WTSP,456.500,456.750,0.665
Fiddle-Pheno_20260629_053000,WTSP,475.500,475.750,0.664
Fiddle-Pheno_20260629_053000,WTSP,484.750,485.000,0.678
Fiddle-Pheno_20260629_053000,WTSP,495.000,495.500,0.714
Fiddle-Pheno_20260629_053000,WTSP,504.250,505.000,0.781
Fiddle-Pheno_20260629_053000,WTSP,513.000,513.500,0.757
Fiddle-Pheno_20260629_053000,WTSP,520.250,520.750,0.695
Fiddle-Pheno_20260629_053000,WTSP,536.000,536.500,0.707
Fiddle-Pheno_20260629_053000,WTSP,543.250,543.750,0.710
Fiddle-Pheno_20260629_053000,WTSP,571.250,571.750,0.755
Fiddle-Pheno_20260629_053000,WTSP,598.750,599.250,0.727
Fiddle-Pheno_20260629_053000,WWCR,271.250,271.750,0.632
Fiddle-Pheno_20260629_053000,YRWA,315.250,315.500,0.568
Fiddle-Pheno_20260629_053000,YRWA,533.250,533.750,0.574
