"threshold","model_pair","total_A","total_B","overlapping_A","overlapping_B","unique_to_A","unique_to_B","percent_unique_A","percent_unique_B"
0.5,"v1.0.8 vs v2.0.0",73735,46247,33289,42152,40446,4095,54.8531904794195,8.85462840832919
0.5,"v2.0.0 vs v2.3.0",46247,80157,40469,44057,5778,36100,12.4937833805436,45.036615641803
0.5,"v1.0.8 vs v2.3.0",73735,80157,42326,59123,31409,21034,42.5971384010307,26.2410020335092
0.6,"v1.0.8 vs v2.0.0",44999,36657,26036,32859,18963,3798,42.1409364652548,10.3609133316965
0.6,"v2.0.0 vs v2.3.0",36657,66307,33796,37512,2861,28795,7.8047848978367,43.4267875186632
0.6,"v1.0.8 vs v2.3.0",44999,66307,30939,45799,14060,20508,31.2451387808618,30.9288612062075
0.7,"v1.0.8 vs v2.0.0",33851,30203,21193,27139,12658,3064,37.3932823254852,10.1446876138132
0.7,"v2.0.0 vs v2.3.0",30203,54917,28431,31685,1772,23232,5.86696685759693,42.3038403408781
0.7,"v1.0.8 vs v2.3.0",33851,54917,25721,38465,8130,16452,24.0170157454728,29.9579365223883
0.8,"v1.0.8 vs v2.0.0",25818,22524,16157,20502,9661,2022,37.4196297157022,8.97709110282366
0.8,"v2.0.0 vs v2.3.0",22524,43470,21607,24241,917,19229,4.07121292843189,44.2351046698873
0.8,"v1.0.8 vs v2.3.0",25818,43470,21158,31112,4660,12358,18.0494228832597,28.4288014722797
0.9,"v1.0.8 vs v2.0.0",18528,14166,9942,12961,8586,1205,46.3406735751295,8.50628264859523
0.9,"v2.0.0 vs v2.3.0",14166,32702,13623,15377,543,17325,3.83312155866158,52.9784111063544
0.9,"v1.0.8 vs v2.3.0",18528,32702,15973,22910,2555,9792,13.7899395509499,29.9431227447862
