"threshold","model_version","avg_detections_per_rec","avg_species_richness_per_rec","total_detections"
0.5,"v1.0.8",162.054945054945,30.4769230769231,73735
0.5,"v2.0.0",100.755991285403,14.2047930283224,46247
0.5,"v2.3.0",173.125269978402,24.9892008639309,80157
0.6,"v1.0.8",99.3355408388521,21.2715231788079,44999
0.6,"v2.0.0",80.0371179039301,10.1200873362445,36657
0.6,"v2.3.0",143.832971800434,17.4360086767896,66307
0.7,"v1.0.8",75.2244444444444,14.62,33851
0.7,"v2.0.0",66.3802197802198,7.38021978021978,30203
0.7,"v2.3.0",119.906113537118,12.3296943231441,54917
0.8,"v1.0.8",58.2799097065463,10.1444695259594,25818
0.8,"v2.0.0",50.2767857142857,5.46428571428571,22524
0.8,"v2.3.0",95.1203501094092,8.70678336980306,43470
0.9,"v1.0.8",42.6912442396313,6.79493087557604,18528
0.9,"v2.0.0",33.2535211267606,3.63380281690141,14166
0.9,"v2.3.0",72.6711111111111,6.11777777777778,32702
